q_m3_s,k_m2,L_m,t_life_s,R_th,R_pr,R_ze,c_CO2,COP,c_CO2_heat,heat_per_m3
0.013888888888888888,2.0e-14,500.0,1.0576335144873849e9,-0.3109192087334031,-3.788318493669993,-5.077606079429241,0.2865083523909441,1.6459918591020446,0.03341450305228407,154359.8334911328
0.013888888888888888,2.0e-14,650.0,1.4291956059324093e9,-0.4171418544683887,-4.214297409743343,-5.6207291974227624,0.31254039726209315,1.506482033476301,0.036508898730829256,154966.697066018
0.013888888888888888,2.0e-14,800.0,1.7765941755595894e9,-0.5235231906527953,-4.636011430730795,-6.158414574181763,0.33831180965577073,1.389506817652553,0.039582389450177405,155609.4577641638
0.013888888888888888,2.0e-14,900.0,2.028329490159246e9,-0.6034100843091471,-4.9511081262883545,-6.560162861017653,0.35756771882873273,1.3148764857132724,0.04182902394072741,155504.4889591748
0.013888888888888888,2.0e-14,1000.0,2.255901282941059e9,-0.6767241870505755,-5.239711644024143,-6.928132346130783,0.3752046004681421,1.2523011627065512,0.043919147915770174,155750.9071207576
0.013888888888888888,5.0e-14,500.0,1.0576335144873849e9,0.38847613288727284,-1.0563054404640468,-1.5942894365916598,0.11955199913946951,3.944646839830814,0.013942946538240407,154359.8334907042
0.013888888888888888,5.0e-14,650.0,1.4291956059324093e9,0.35212369091246043,-1.2093538730993671,-1.7894261882016929,0.128904958911628,3.652586348783039,0.015057823347098907,154966.69706590372
0.013888888888888888,5.0e-14,800.0,1.7765941755595894e9,0.3130415259375664,-1.3681805065495336,-1.9919301458506553,0.13861103095580482,3.3914080486119413,0.016217452813591913,155609.45776342996
0.013888888888888888,5.0e-14,900.0,2.028329490159246e9,0.2827322504417292,-1.4896146311677925,-2.1467586547389352,0.14603200523803173,3.2195502949590225,0.017083131170870566,155504.48895936908
0.013888888888888888,5.0e-14,1000.0,2.255901282941059e9,0.25465926444480225,-1.6014950366203882,-2.289406171690995,0.1528691411268015,3.0736691130420577,0.017893923508755842,155750.90712113059
0.013888888888888888,1.0e-13,500.0,1.0576335144873849e9,0.6216079134276374,-0.1456344227279972,-0.4331838889781965,0.06389988138893316,7.380145398571487,0.0074524277002247,154359.83349005246
0.013888888888888888,1.0e-13,650.0,1.4291956059324093e9,0.6085455393713429,-0.20770602755667034,-0.5123251851347547,0.0676931461284632,6.9554529541051995,0.007907464885883281,154966.6970652346
0.013888888888888888,1.0e-13,800.0,1.7765941755595894e9,0.591896431468373,-0.27890353181986516,-0.603102003070328,0.07204410472232509,6.524983103358272,0.00842914060140518,155609.4577636513
0.013888888888888888,1.0e-13,900.0,2.028329490159246e9,0.5781130286889453,-0.3357834661394064,-0.6756239193277431,0.07552010070851928,6.225592671726912,0.008834500247627603,155504.4889584243
0.013888888888888888,1.0e-13,1000.0,2.255901282941059e9,0.5651204149404702,-0.3887561674966325,-0.7431641135582063,0.07875732134701642,5.966037815696685,0.009218848706472263,155750.90712088873
0.013888888888888888,2.0e-13,500.0,1.0576335144873849e9,0.7381738036994762,0.30970108614586095,0.1473688848359727,0.03607382251330849,13.072926092762412,0.004207168281204447,154359.8334913233
0.013888888888888888,2.0e-13,650.0,1.4291956059324093e9,0.7367564636028363,0.2931178952223784,0.12622531640853252,0.037087239736410205,12.695377077319357,0.004332285655245249,154966.69706595305
0.013888888888888888,2.0e-13,800.0,1.7765941755595894e9,0.7313238842340033,0.26573495554621773,0.0913120683214276,0.03876064160550892,12.127935620783816,0.004534984495279288,155609.4577622158
0.013888888888888888,2.0e-13,900.0,2.028329490159246e9,0.7258034178163371,0.2411321163892372,0.05994344839627747,0.04026414844287994,11.676824264748289,0.0047101847859475,155504.48895949335
0.013888888888888888,2.0e-13,1000.0,2.255901282941059e9,0.72035099019025,0.21761326707279297,0.029956915517811045,0.04170141145666265,11.267464121861856,0.004881311305290556,155750.90712099592
0.013888888888888888,5.0e-13,500.0,1.0576335144873849e9,0.8081133378592298,0.5829023914588926,0.49570054911008804,0.01937818718862323,24.33614718519181,0.0022600126298326583,154359.83348732462
0.013888888888888888,5.0e-13,650.0,1.4291956059324093e9,0.8136830181358725,0.5936122488687947,0.5093556173077132,0.018723695902462544,25.146557371555897,0.0021871781169621376,154966.69705986633
0.013888888888888888,5.0e-13,800.0,1.7765941755595894e9,0.8149803558933212,0.5925180479655593,0.5079605111560881,0.018790563735438044,25.01716141306308,0.0021984908316289207,155609.45776139226
0.013888888888888888,5.0e-13,900.0,2.028329490159246e9,0.8144176512885376,0.5872814658907457,0.5012838690107007,0.019110577084454433,24.60194600427421,0.0022355955090074824,155504.48895593
0.013888888888888888,5.0e-13,1000.0,2.255901282941059e9,0.8134893353392912,0.5814349278109232,0.4938295329589271,0.019467865522665797,24.135627856582598,0.0022787888646120156,155750.90712288485
0.013888888888888888,1.0e-12,500.0,1.0576335144873849e9,0.8314265159120812,0.6739694932290916,0.6118111038670918,0.013812975413777734,34.141117426448226,0.001610960746041456,154359.8334846494
0.013888888888888888,1.0e-12,650.0,1.4291956059324093e9,0.8393252029859495,0.6937770334382395,0.6370657176337553,0.012602514623218698,37.36051949074856,0.0014721422707631097,154966.6970638908
0.013888888888888888,1.0e-12,800.0,1.7765941755595894e9,0.8428658464434611,0.701445745427873,0.6468433254205381,0.012133871112741088,38.74168117080679,0.001419659610472568,155609.45775799186
0.013888888888888888,1.0e-12,900.0,2.028329490159246e9,0.8439557291140265,0.7026645823967959,0.6483973425559146,0.012059386631306917,38.98684070081532,0.0014107324166651389,155504.48895491604
0.013888888888888888,1.0e-12,1000.0,2.255901282941059e9,0.8445354503851077,0.7027088147101038,0.6484537387553824,0.012056683545493652,38.971675391048194,0.0014112813844444961,155750.90711462538
0.027777777777777776,2.0e-14,500.0,5.2881675724369246e8,-1.489600659791012,-8.392551039054569,-10.948002574794574,0.5678781190533346,0.8303991056944046,0.06623321198546733,154381.6639690382
0.027777777777777776,2.0e-14,650.0,7.145978029662046e8,-1.7122087135806772,-9.273157810434322,-12.07077620830376,0.6216929773043196,0.757309489541534,0.07262552596996552,154986.88886600762
0.027777777777777776,2.0e-14,800.0,8.882970877797947e8,-1.9307034992801406,-10.132813446093177,-13.166837143768802,0.6742274883723608,0.6971928803653511,0.07888778205993477,155627.71653707785
0.027777777777777776,2.0e-14,900.0,1.014164745079623e9,-2.093237526985916,-10.770749875819991,-13.980206091670489,0.7132124924112216,0.6591843553909712,0.08343644619323337,155522.03361709492
0.027777777777777776,2.0e-14,1000.0,1.1279506414705296e9,-2.2419394010262406,-11.353836351726976,-14.723641348451894,0.7488455548277595,0.627434575966892,0.08765854179337128,155767.4288726441
0.027777777777777776,5.0e-14,500.0,5.2881675724369246e8,-0.09104967262493713,-2.9294612454370004,-3.9825630879321756,0.23402263166559448,2.0150422155722443,0.02729471351764249,154381.66396877376
0.027777777777777776,5.0e-14,650.0,7.145978029662046e8,-0.17391375573225903,-3.2641931313389088,-4.409346242457109,0.2544784691373777,1.8501132645519633,0.029727909665746427,154986.88886587022
0.027777777777777776,5.0e-14,800.0,8.882970877797947e8,-0.257796805135231,-3.5980216720896356,-4.834977631914286,0.27487910218325545,1.710084909715393,0.032162145685007866,155627.7165371005
0.027777777777777776,5.0e-14,900.0,1.014164745079623e9,-0.32117203399551003,-3.848619043826233,-5.1544892808784475,0.2901933860116031,1.6200869479774314,0.03394879519809956,155522.0336171581
0.027777777777777776,5.0e-14,1000.0,1.1279506414705296e9,-0.3793831598558156,-4.078226034654984,-5.447238194185104,0.30422492434002674,1.5444217602404589,0.03561203384717706,155767.42887252837
0.027777777777777776,1.0e-13,500.0,5.2881675724369246e8,0.37513398976327533,-1.108431314232912,-1.6607499256469627,0.12273746920312238,3.8420662025017367,0.014315214028375435,154381.6639684183
0.027777777777777776,1.0e-13,650.0,7.145978029662046e8,0.3388512302186885,-1.2612049049680527,-1.8555362538342672,0.13207363308138098,3.5647841307108172,0.015428704230972045,154986.8888660021
0.027777777777777776,1.0e-13,800.0,8.882970877797947e8,0.2998387595831634,-1.4197577474086238,-2.0576911279459953,0.1417629734527492,3.3158630437097503,0.016586933559977982,155627.71653803124
0.027777777777777776,1.0e-13,900.0,1.014164745079623e9,0.2695164636695233,-1.5412420998221645,-2.2125836772732597,0.14918701721135447,3.1513366635716804,0.01745291153299495,155522.03361701197
0.027777777777777776,1.0e-13,1000.0,1.1279506414705296e9,0.24146892053502675,-1.6530225956282218,-2.355103809425983,0.15601804751061354,3.011520786571079,0.01826319786509694,155767.4288723186
0.027777777777777776,2.0e-13,500.0,5.2881675724369246e8,0.608225820958521,-0.1979163486264213,-0.4998433444986871,0.06709488797161463,7.028336978604867,0.007825464283717023,154381.66396829512
0.027777777777777776,2.0e-13,650.0,7.145978029662046e8,0.5952337231946606,-0.25971079178070583,-0.5786312595203998,0.07087121505326535,6.64323295345839,0.008279101513573695,154986.88886610937
0.027777777777777776,2.0e-13,800.0,8.882970877797947e8,0.5786565419370074,-0.33062578508881457,-0.6690478759882384,0.07520490908876089,6.250477666085243,0.008799327497549036,155627.7165376559
0.027777777777777776,2.0e-13,900.0,1.014164745079623e9,0.564860712500823,-0.38755362782493324,-0.7416308754767899,0.07868383281152369,5.975033247209011,0.009204969700493459,155522.03361713793
0.027777777777777776,2.0e-13,1000.0,1.1279506414705296e9,0.5518949607280765,-0.4404208761239687,-0.80903661705806,0.08191460909646475,5.735870540580143,0.009588779874107329,155767.42887146331
0.027777777777777776,5.0e-13,500.0,5.2881675724369246e8,0.7480809196737078,0.3483926307302307,0.19670060418104413,0.033709339233152565,13.98916421784621,0.003931614436967977,154381.66396708228
0.027777777777777776,5.0e-13,650.0,7.145978029662046e8,0.7490632189773831,0.34118567612073597,0.18751173705393837,0.03414976423706614,13.786742070195553,0.003989339883198371,154986.88886550008
0.027777777777777776,5.0e-13,800.0,8.882970877797947e8,0.745947211345696,0.3228533922896617,0.16413807516931872,0.03527007047118734,13.327634404014873,0.004126763860166479,155627.71653419078
0.027777777777777776,5.0e-13,900.0,1.014164745079623e9,0.742067261795067,0.3046594553564562,0.1409408055794817,0.036381922172661,12.922311109361967,0.004256204601060374,155522.03361340283
0.027777777777777776,5.0e-13,1000.0,1.1279506414705296e9,0.7381505848482505,0.28714015559520684,0.1186036983838887,0.03745254604695958,12.545251064334403,0.004384129079438082,155767.42887287188
0.027777777777777776,1.0e-12,500.0,5.2881675724369246e8,0.7946992859145524,0.5304956238582661,0.42888192041928935,0.02258082298643929,20.88344975247272,0.0026336644879990517,154381.66396777038
0.027777777777777776,1.0e-12,650.0,7.145978029662046e8,0.800339717579553,0.5414844987838254,0.4428927359493775,0.02190928062987733,21.489249201780186,0.0025594193395757983,154986.88887135225
0.027777777777777776,1.0e-12,800.0,8.882970877797947e8,0.8017107678245616,0.5406797847836776,0.44186672559918894,0.021958457596553033,21.407086657523173,0.002569242647535654,155627.71654107238
0.027777777777777776,1.0e-12,900.0,1.014164745079623e9,0.8011361115585379,0.5353971497460104,0.4351313659261632,0.022281285293299365,21.100152477306217,0.0026066162346056023,155522.03360862602
0.027777777777777776,1.0e-12,1000.0,1.1279506414705296e9,0.8002357928881679,0.5296604995007117,0.4278171368634075,0.022631858363845393,20.760628031548777,0.0026492454812262686,155767.42887522356
0.041666666666666664,2.0e-14,500.0,3.525445048291284e8,-2.6752686083825017,-13.024069200009153,-16.853188230011668,0.8509153400005592,0.554176271200787,0.09924640021274495,154389.01848403367
0.041666666666666664,2.0e-14,650.0,4.763985353108032e8,-3.0142214654650266,-14.359146968648755,-18.555412385027164,0.9325034258618682,0.5048843843652837,0.10893583105990363,154993.69152911895
0.041666666666666664,2.0e-14,800.0,5.921980585198631e8,-3.3447887443225,-15.656585260321672,-20.20964620691013,1.0117913214641021,0.4645818493464102,0.11838602837664856,155633.87139330423
0.041666666666666664,2.0e-14,900.0,6.761098300530821e8,-3.5899752510978367,-16.617382724816462,-21.434662974140988,1.0705067220721172,0.43916786793415663,0.12523684908624966,155527.95736173028
0.041666666666666664,2.0e-14,1000.0,7.519670943136864e8,-3.8140495025970793,-17.494892374741486,-22.553487777795393,1.1241323117897573,0.41796295542943634,0.13159060937228326,155773.01458739545
0.041666666666666664,5.0e-14,500.0,3.525445048291284e8,-0.5775617759047963,-4.829901885643134,-6.405624904194996,0.35016067078930263,1.3466877624095681,0.04084094437866649,154389.01848410058
0.041666666666666664,5.0e-14,650.0,4.763985353108032e8,-0.7068972121826399,-5.346161604264415,-7.06385604543713,0.3817098758161587,1.2334142968615978,0.0445916673253639,154993.6915290696
0.041666666666666664,5.0e-14,800.0,5.921980585198631e8,-0.8355403702345752,-5.854833799040712,-7.712413093776907,0.41279539883026567,1.138723650046626,0.048299690620940354,155633.87139325181
0.041666666666666664,5.0e-14,900.0,6.761098300530821e8,-0.9319868729542321,-6.234615622692991,-8.196634918933563,0.4360042880534606,1.0782741537718303,0.051007436102969365,155527.95736167076
0.041666666666666664,5.0e-14,1000.0,7.519670943136864e8,-1.0203206847839936,-6.581889180159138,-8.639408704702902,0.45722656100972514,1.0275992328434076,0.053522811463972024,155773.0145874999
0.041666666666666664,1.0e-13,500.0,3.525445048291284e8,0.12167383491887103,-2.0985127808630897,-2.923103795600439,0.18324244771941098,2.5734053222828726,0.021372459100694404,154389.01848381694
0.041666666666666664,1.0e-13,650.0,4.763985353108032e8,0.06221087224367097,-2.3418331494740867,-3.2333372655794603,0.1981120258011942,2.3764656192935023,0.023143612747215297,154993.69152887422
0.041666666666666664,1.0e-13,800.0,5.921980585198631e8,0.0008757544627984366,-2.587583311941609,-3.546668722725552,0.2131300912853205,2.205506882879035,0.024937578035668533,155633.87139331907
0.041666666666666664,1.0e-13,900.0,6.761098300530821e8,-0.045990746908128335,-2.7736932553253326,-3.7839589005397993,0.22450347671432588,2.0940974350268613,0.026264298441917775,155527.9573613052
0.041666666666666664,1.0e-13,1000.0,7.519670943136864e8,-0.08907774551724265,-2.9442214486483285,-4.0013823470266185,0.2349246440840645,1.9999845702081158,0.027500212161275208,155773.01458715557
0.041666666666666664,2.0e-13,500.0,3.525445048291284e8,0.4712916403280054,-0.7328182284833608,-1.181843241316285,0.09978333618509425,4.725810022584244,0.011638216461762042,154389.01848309007
0.041666666666666664,2.0e-13,650.0,4.763985353108032e8,0.44676491445836075,-0.8396689220730543,-1.3180778756431442,0.10631310079335332,4.428489194381584,0.012419585458123824,154993.69152919453
0.041666666666666664,2.0e-13,800.0,5.921980585198631e8,0.4190838168118998,-0.9539580683904678,-1.4637965371978463,0.1132974375127508,4.1489012778882435,0.01325652174302748,155633.8713934484
0.041666666666666664,2.0e-13,900.0,6.761098300530821e8,0.39700731611939155,-1.043232071624208,-1.5776208913208651,0.1187530710437016,3.9589052359600614,0.013892729611311883,155527.95736192865
0.041666666666666664,2.0e-13,1000.0,7.519670943136864e8,0.3765437241170696,-1.1253875828892401,-1.682369168183781,0.12377368562100911,3.796006081363564,0.01448891250991975,155773.0145868154
0.041666666666666664,5.0e-13,500.0,3.525445048291284e8,0.6810623235801503,0.08659850296995397,-0.13708690871330864,0.04970786926294725,9.486568167593108,0.005797670878272344,154389.01848393626
0.041666666666666664,5.0e-13,650.0,4.763985353108032e8,0.6774973397869921,0.06162961436690181,-0.16892224168220016,0.051233745788689326,9.18938115566123,0.005985169084657738,154993.6915292279
0.041666666666666664,5.0e-13,800.0,5.921980585198631e8,0.6700086542172095,0.026217077724327124,-0.21407322590148292,0.05339784525018001,8.802974746969827,0.006247887967522817,155633.87139212497
0.041666666666666664,5.0e-13,900.0,6.761098300530821e8,0.6628061539324706,-0.004955361416828537,-0.2538180858064564,0.055302827642139514,8.501050936919729,0.00646978831301165,155527.95736172763
0.041666666666666664,5.0e-13,1000.0,7.519670943136864e8,0.6559166059002428,-0.03408726342375447,-0.2909612608652869,0.05708311054256277,8.230905058681344,0.006682132719048934,155773.01458707073
0.041666666666666664,1.0e-12,500.0,3.525445048291284e8,0.7509858846598586,0.3597374134383203,0.21116520213385837,0.03301604695654709,14.282663543934287,0.003850822350524246,154389.01848191497
0.041666666666666664,1.0e-12,650.0,4.763985353108032e8,0.7544081482299982,0.3620624598474419,0.21412963630548845,0.032873960787100774,14.321560493836289,0.0038403636268317894,154993.69152897195
0.041666666666666664,1.0e-12,800.0,5.921980585198631e8,0.7536502666915923,0.35294212645191353,0.20250121122618972,0.033431314494605284,14.060466672739727,0.00391167670889853,155633.87139422944
0.041666666666666664,1.0e-12,900.0,6.761098300530821e8,0.751405766528696,0.3411368752883305,0.1874495159926214,0.03415274651015758,13.765573864149243,0.003995474547068523,155527.9573559365
0.041666666666666664,1.0e-12,1000.0,7.519670943136864e8,0.749040899826701,0.3296795097266519,0.1728413749014812,0.03485291885003793,13.480812478074613,0.004079872788784265,155773.01458591805
0.05555555555555555,2.0e-14,500.0,2.6440837862184623e8,-3.8674599173067765,-17.681067875244306,-22.79086154093649,1.1355097034871522,0.4152785962788018,0.13244121053394034,154392.7135379604
0.05555555555555555,2.0e-14,650.0,3.572989014831023e8,-4.322721192538692,-19.4704749544529,-25.072355566927445,1.2448623583276768,0.37819652395136966,0.14542703731214665,154997.1076412658
0.05555555555555555,2.0e-14,800.0,4.4414854388989735e8,-4.7653236233192375,-21.2055502970285,-27.28457662871134,1.3508947403739635,0.3479593899295705,0.15806442243484906,155636.96209494284
0.05555555555555555,2.0e-14,900.0,5.070823725398115e8,-5.093167938218625,-22.489229718638448,-28.921267891264023,1.4293418161390161,0.3289128983706163,0.16721752254916575,155530.9340081725
0.05555555555555555,2.0e-14,1000.0,5.639753207352648e8,-5.392600445374675,-23.66110746684929,-30.415412020232846,1.5009565674185679,0.31302883369899065,0.17570266403282242,155775.82294144743
0.05555555555555555,5.0e-14,500.0,2.6440837862184623e8,-1.0705968732457276,-6.7558216093808126,-8.861172551960536,0.46785576501771625,1.0079022446318688,0.054568784118630934,154392.71353792775
0.05555555555555555,5.0e-14,650.0,3.572989014831023e8,-1.2463674048531108,-7.453467971306066,-9.750671663415234,0.5104897093575929,0.922256821415601,0.05963631682938249,154997.10764110222
0.05555555555555555,5.0e-14,800.0,4.4414854388989735e8,-1.4197334492477003,-8.136838679561546,-10.621969316440973,0.5522512526398723,0.8511642254727786,0.06461737741556312,155636.96209488774
0.05555555555555555,5.0e-14,900.0,5.070823725398115e8,-1.549256532370039,-8.64582578954241,-11.270927881666573,0.5833560204720362,0.805904015747,0.06824634066256635,155530.934008169
0.05555555555555555,5.0e-14,1000.0,5.639753207352648e8,-1.6676988886486515,-9.110710760888274,-11.863656220132551,0.611765657609839,0.7680108843761406,0.07161356839971975,155775.82294150256
0.05555555555555555,1.0e-13,500.0,2.6440837862184623e8,-0.1383091918961724,-3.114072854108928,-4.217942888988883,0.2453044521955456,1.9223168250935438,0.028611308646962284,154392.71353743138
0.05555555555555555,1.0e-13,650.0,3.572989014831023e8,-0.22091614228864073,-3.4477989769136372,-4.643443695564888,0.2656988263669445,1.771940896973483,0.031039410001733863,154997.10764124448
0.05555555555555555,1.0e-13,800.0,4.4414854388989735e8,-0.30453672455842296,-3.7806014737440194,-5.067766879023624,0.2860367567288012,1.643343027293137,0.03346836240915219,155636.9620947067
0.05555555555555555,1.0e-13,900.0,5.070823725398115e8,-0.3679527304197316,-4.031357813174067,-5.387481211796934,0.30136075524952627,1.560020511360132,0.03525594670037207,155530.9340083621
0.05555555555555555,1.0e-13,1000.0,5.639753207352648e8,-0.42606503640914983,-4.260578525577698,-5.679737620111564,0.3153686876741926,1.4898203344060226,0.036917203188750934,155775.8229413348
0.05555555555555555,2.0e-13,500.0,2.6440837862184623e8,0.32783464878073004,-1.2931984764646105,-1.8963280574923784,0.1340287957839484,3.5182952511674492,0.01563257091108251,154392.7135369764
0.05555555555555555,2.0e-13,650.0,3.572989014831023e8,0.2918094889891758,-1.444964479734506,-2.089829711661495,0.14330338487266422,3.2853558702508954,0.016740956587999633,154997.1076406978
0.05555555555555555,2.0e-13,800.0,4.4414854388989735e8,0.2530616377899486,-1.6024828708207812,-2.290665660296496,0.15292950877238107,3.073680897117737,0.017893854905880045,155636.96209508364
0.05555555555555555,2.0e-13,900.0,5.070823725398115e8,0.22269917055336497,-1.7241238249978248,-2.445757876872227,0.16036312263875593,2.9316525630893726,0.018760749719278144,155530.93400798537
0.05555555555555555,2.0e-13,1000.0,5.639753207352648e8,0.19475188971070995,-1.8355124079219656,-2.587778320100506,0.16717020270634234,2.8105647784470476,0.019569020583254357,155775.8229412046
0.05555555555555555,5.0e-13,500.0,2.6440837862184623e8,0.6075209531923658,-0.2006738498572614,-0.5033591585680083,0.06726340193572153,7.010541574673693,0.007845328269458267,154392.71353854612
0.05555555555555555,5.0e-13,650.0,3.572989014831023e8,0.5994448677587275,-0.2432637814159143,-0.5576613213052907,0.06986611997541699,6.73863979971975,0.008161884539708944,154997.10764057768
0.05555555555555555,5.0e-13,800.0,4.4414854388989735e8,0.587620655195704,-0.29561170907945467,-0.6244049290763046,0.07306515999930001,6.433387810611532,0.00854915040397229,155636.96209468477
0.05555555555555555,5.0e-13,900.0,5.070823725398115e8,0.5770903111350194,-0.3397834321005126,-0.6807238759281534,0.0757645430728091,6.2051315885137255,0.00886363153068504,155530.93400685658
0.05555555555555555,5.0e-13,1000.0,5.639753207352648e8,0.5672420453848549,-0.3804727373198975,-0.7326027400828693,0.07825111172510482,6.004294039708431,0.009160111019924467,155775.82294146123
0.05555555555555555,1.0e-12,500.0,2.6440837862184623e8,0.7007497213247195,0.1635010256603845,-0.03903619228300976,0.045008270654087607,10.47702719685308,0.005249580722336963,154392.71353678836
0.05555555555555555,1.0e-12,650.0,3.572989014831023e8,0.7019899940105438,0.1573031180061431,-0.04693852454216754,0.04538703167740236,10.373064713040701,0.005302193857024306,154997.1076374227
0.05555555555555555,1.0e-12,800.0,4.4414854388989735e8,0.6991403276656144,0.14001201150609602,-0.06898468532972754,0.046443710407960796,10.1209938997232,0.005434248903312174,155636.96209478713
0.05555555555555555,1.0e-12,900.0,5.070823725398115e8,0.6952206913308441,0.12166336553944712,-0.09237920893720492,0.047565016550367115,9.883922967056556,0.005564592134450747,155530.9340067781
0.05555555555555555,1.0e-12,1000.0,5.639753207352648e8,0.691405430612741,0.10454048622624071,-0.11421088006154309,0.04861141473061862,9.665274839939082,0.005690474498741378,155775.82294317335
0.06944444444444445,2.0e-14,500.0,2.11526702897477e8,-5.065880794129974,-22.362400252619985,-28.759560322090483,1.4215911265489989,0.33170602371832414,0.16580947003454036,154394.93735845972
0.06944444444444445,2.0e-14,650.0,2.8583912118648183e8,-5.637416069939515,-24.606002376778115,-31.620153030392093,1.5587001452475515,0.3020467613773914,0.18209101050840407,154999.1624101136
0.06944444444444445,2.0e-14,800.0,3.5531883511191785e8,-6.192018211076476,-26.778576430717756,-34.39018494916514,1.6914685596549737,0.2778972619783067,0.19791486828068647,155638.82083513925
0.06944444444444445,2.0e-14,900.0,4.056658980318492e8,-6.6025254893768395,-28.385157989583018,-36.43857643671835,1.7896485438078509,0.26269238135801515,0.2093703658845067,155532.72488177844
0.06944444444444445,2.0e-14,1000.0,4.5118025658821166e8,-6.9773028182396395,-29.8513513948169,-38.307973028391544,1.8792492519054769,0.25001520721330556,0.21998661846627443,155777.5131214801
0.06944444444444445,5.0e-14,500.0,2.11526702897477e8,-1.5698612548348636,-8.706073927248458,-11.347744257241784,0.5870378511096279,0.8032707585202035,0.06847006369473946,154394.93735845605
0.06944444444444445,5.0e-14,650.0,2.8583912118648183e8,-1.7920325405946802,-9.584972965274835,-12.468340530725413,0.6407483478779065,0.7347663593512531,0.07485372635807812,154999.16241000898
0.06944444444444445,5.0e-14,800.0,3.5531883511191785e8,-2.010086111721018,-10.44290416761049,-13.562202813703376,0.6931774769095298,0.678115629991788,0.08110711148283967,155638.82083509554
0.06944444444444445,5.0e-14,900.0,4.056658980318492e8,-2.1726909102534004,-11.081116664882073,-14.375923747724643,0.7321793517427934,0.6420927285750192,0.0856574098293562,155532.72488173953
0.06944444444444445,5.0e-14,1000.0,4.5118025658821166e8,-2.3212283646289382,-11.663560560400095,-15.11853971451012,0.7677731453577833,0.6119527544841671,0.08987621936004046,155777.51312143417
0.06944444444444445,1.0e-13,500.0,2.11526702897477e8,-0.4045214084019902,-4.153965152120104,-5.543805568953133,0.3088534259628953,1.5267771062294893,0.036023594914798895,154394.93735860704
0.06944444444444445,1.0e-13,650.0,2.8583912118648183e8,-0.5102380308134813,-4.577963161441984,-6.084403030838529,0.33476441542145446,1.4063631292415355,0.0391079649746378,154999.16240987286
0.06944444444444445,1.0e-13,800.0,3.5531883511191785e8,-0.6161087452666144,-4.997680079897996,-6.619542101869944,0.360413782660433,1.304207841278411,0.04217119255017503,155638.82083520407
0.06944444444444445,1.0e-13,900.0,4.056658980318492e8,-0.6960793838793746,-5.313102889983524,-7.021706184728992,0.3796896210545487,1.238187750460841,0.04441975781098589,155532.72488168007
0.06944444444444445,1.0e-13,1000.0,4.5118025658821166e8,-0.769203546756194,-5.600963615584698,-7.38872860987049,0.39728110984128706,1.1826409045933937,0.046506086324580205,155777.51312150754
0.06944444444444445,2.0e-13,500.0,2.11526702897477e8,0.1781485148101525,-1.8779107645724598,-2.6418362248298863,0.16976121339053918,2.7777272000091324,0.019800360524899335,154394.9373580741
0.06944444444444445,2.0e-13,650.0,2.8583912118648183e8,0.13065922407833322,-2.0744582595207985,-2.892434280889018,0.18177244919293767,2.5900532942218684,0.02123508428289839,154999.16240973925
0.06944444444444445,2.0e-13,800.0,3.5531883511191785e8,0.08087993795783148,-2.275068036052465,-3.1482117459668926,0.19403193553653955,2.4225624516446156,0.02270323308390333,155638.82083501932
0.06944444444444445,2.0e-13,900.0,4.056658980318492e8,0.04222637930845769,-2.429096002531055,-3.344597403227095,0.20344475571023113,2.310833897515238,0.023800931801779283,155532.7248816935
0.06944444444444445,2.0e-13,1000.0,4.5118025658821166e8,0.006808862177203124,-2.5696651431885558,-3.523823057565408,0.21203509208374507,2.2158638294430055,0.024821019806900844,155777.51312115285
0.06944444444444445,5.0e-13,500.0,2.11526702897477e8,0.5277504687362258,-0.5122781320482853,-0.9006546183615638,0.08630588584739521,5.463710097092616,0.010066419890994388,154394.93735689006
0.06944444444444445,5.0e-13,650.0,2.8583912118648183e8,0.5151975770179723,-0.5723553183506798,-0.9772530308971166,0.08997726945476375,5.232436299549132,0.010511355867770281,154999.16241097872
0.06944444444444445,5.0e-13,800.0,3.5531883511191785e8,0.4990731478913813,-0.6415008097493299,-1.0654135324303955,0.09420282726245904,4.989812886849973,0.011022457404153495,155638.820834105
0.06944444444444445,5.0e-13,900.0,4.056658980318492e8,0.48520983722079986,-0.6986918700609661,-1.138332134327732,0.09769783650372571,4.812051674746727,0.011429636196268573,155532.7248816736
0.06944444444444445,5.0e-13,1000.0,4.5118025658821166e8,0.4724163075406398,-0.7508860597377208,-1.204879726165594,0.10088748142841626,4.65707820700873,0.011809979896242032,155777.51312164025
0.06944444444444445,1.0e-12,500.0,2.11526702897477e8,0.644284453385248,-0.057067254513605475,-0.3202607495048469,0.058487443331386994,8.062420120997796,0.006821773012889492,154394.93735823827
0.06944444444444445,1.0e-12,650.0,2.8583912118648183e8,0.6433770279954162,-0.07165433797012763,-0.3388592809119127,0.05937887620928557,7.928751112928237,0.006936779729448143,154999.16241121764
0.06944444444444445,1.0e-12,800.0,3.5531883511191785e8,0.6384708845330077,-0.09697840099255016,-0.3711474612655014,0.06092645783843361,7.715112582139723,0.00712886551096137,155638.82083226243
0.06944444444444445,1.0e-12,900.0,4.056658980318492e8,0.6328709898561511,-0.12189049257902197,-0.402910378038253,0.062448863435384666,7.528192058361606,0.007305870994472196,155532.72488128635
0.06944444444444445,1.0e-12,1000.0,4.5118025658821166e8,0.6276187893251287,-0.14462636526683723,-0.4318986157152174,0.06383827787741782,7.3598616182040475,0.007472966592736168,155777.51312049216
